cloneId	readCount	readFraction	uniqueMoleculeCount	uniqueMoleculeFraction	targetSequences	targetQualities	allVHitsWithScore	allDHitsWithScore	allJHitsWithScore	allCHitsWithScore	allVAlignments	allDAlignments	allJAlignments	allCAlignments	nSeqCDR3	minQualCDR3	aaSeqCDR3	refPoints
49	12.0	0.2	1	0.1	TGTGTCATCCCATACTGGGGGATAAAGGCCCCGGGACACCCGACAGATGTTTTTC	NNNNNNNNNNNNNNNNNNNNNNNNNNNNNNNNNNNNNNNNNNNNNNNNNNNNNNN	TRAV22*00(471.8)	TRDD3*00(68)	TRDJ3*00(526.2)		526|530|559|0|4||40.0	7|24|39|8|24|DG11|68.0	22|48|79|29|55|ST24C|231.0		TGTGTCATCCCATACTGGGGGATAAAGGCCCCGGGACACCCGACAGATGTTTTTC	45	CVIPYWGIK_PRDTRQMFF	:::::::::0:-9:4:8:6:-2:24:29:-2:55:::
103	9.0	0.15	1	0.1	TGTGCTCTTGGGGAACACCCTAGAACAGCACAACTCTTCTTT	NNNNNNNNNNNNNNNNNNNNNNNNNNNNNNNNNNNNNNNNNN	TRDV1*00(691.1)		TRDJ2*00(483.6)		573|589|610|0|16||160.0		25|43|74|24|42||180.0		TGTGCTCTTGGGGAACACCCTAGAACAGCACAACTCTTCTTT	45	CALGEHPRTAQLFF	:::::::::0:-1:16:::::24:-5:42:::
104	8.0	0.13333333333333333	1	0.1	TGTGCTCTTGGGGAAAAGGACACCGATAAACTCATCTTT	NNNNNNNNNNNNNNNNNNNNNNNNNNNNNNNNNNNNNNN	TRDV1*00(1012.8)		TRDJ1*00(452.8)		573|588|610|0|15||150.0		20|40|71|19|39||200.0		TGTGCTCTTGGGGAAAAGGACACCGATAAACTCATCTTT	45	CALGEKDTDKLIF	:::::::::0:-2:15:::::19:0:39:::
974	6.0	0.1	1	0.1	TGTGCAGCAAGCGCGGGTCCCTGGGGGAGGCTCGTACACCGATAAACTCATCTTT	NNNNNNNNNNNNNNNNNNNNNNNNNNNNNNNNNNNNNNNNNNNNNNNNNNNNNNN	TRAV29/DV5*00(600)	TRDD3*00(40)	TRDJ1*00(515.2)		529|544|562|0|15||150.0	14|22|39|20|28||40.0	18|40|71|33|55||220.0		TGTGCAGCAAGCGCGGGTCCCTGGGGGAGGCTCGTACACCGATAAACTCATCTTT	45	CAASAGPWG_GSYTDKLIF	:::::::::0:2:15:20:-1:-4:28:33:2:55:::
102	5.0	0.08333333333333333	1	0.1	TGTGCTCTTGGGGAACGGGTGGGGATGCGCACACCGATAAACTCATCTTT	NNNNNNNNNNNNNNNNNNNNNNNNNNNNNNNNNNNNNNNNNNNNNNNNNN	TRDV1*00(1030)	TRDD3*00(36)	TRDJ1*00(460)		573|589|610|0|16||160.0	17|27|39|20|30|SA23G|36.0	20|40|71|30|50||200.0		TGTGCTCTTGGGGAACGGGTGGGGATGCGCACACCGATAAACTCATCTTT	45	CALGERVG_AHTDKLIF	:::::::::0:-1:16:20:-4:1:30:30:0:50:::
1000	5.0	0.08333333333333333	1	0.1	TGTGCAGATTACAGCCCTCTGAACTCATCTTT	NNNNNNNNNNNNNNNNNNNNNNNNNNNNNNNN	TRAV29/DV5*00(480)		TRDJ1*00(410)		529|536|562|0|7||70.0		29|40|71|21|32||110.0		TGTGCAGATTACAGCCCTCTGAACTCATCTTT	45	CADYS_SELIF	:::::::::0:-6:7:::::21:-9:32:::
100	4.0	0.06666666666666667	1	0.1	TGTGCTCTTGGGGGCCCTTGAGACTGGGGGATAAAACTCATCTTT	NNNNNNNNNNNNNNNNNNNNNNNNNNNNNNNNNNNNNNNNNNNNN	TRDV1*00(660)	TRDD3*00(55)	TRDJ1*00(420)		573|586|610|0|13||130.0	13|24|39|22|33||55.0	28|40|71|33|45||120.0		TGTGCTCTTGGGGGCCCTTGAGACTGGGGGATAAAACTCATCTTT	45	CALGGP*DWGIKLIF	:::::::::0:-4:13:22:0:-2:33:33:-8:45:::
185	4.0	0.06666666666666667	1	0.1	TGTGCTGTGGAGCGGAAGGGAAGGGGGACAGGATAGAGGCCGATAAACTCATCTTT	NNNNNNNNNNNNNNNNN@NNNNNNNNNNNNNNNNNNNNNNNNNNNNNNNNNNNNNN	TRAV22*00(570)	TRDD2*00(30),TRDD3*00(30)	TRDJ1*00(470)		526|540|559|0|14||140.0	3|9|27|18|24||30.0;16|22|39|22|28||30.0	23|40|71|39|56||170.0		TGTGCTGTGGAGCGGAAGGGAAGGGGGACAGGATAGAGGCCGATAAACTCATCTTT	31	CAVERKGRG_RIEADKLIF	:::::::::0:1:14:18:6:-9:24:39:-3:56:::
283	4.0	0.06666666666666667	1	0.1	TGTGCCTGTGACCCCAGAAGGGCAAGTCTTCTGGGGGTACGAACGATAAACTCATCTTT	NNNNNNNNNNNNNNNNNNNNNNNNNNNNNNNNNNNNNNNNNNNNNNNNNNNNNNNNNNN	TRDV2*00(761)	TRDD3*00(43)	TRDJ1*00(420)		502|517|537|0|15|SA514C|121.0	14|26|39|30|41|DA21|43.0	24|40|71|43|59||160.0		TGTGCCTGTGACCCCAGAAGGGCAAGTCTTCTGGGGGTACGAACGATAAACTCATCTTT	45	CACDPRRASL_GGTNDKLIF	:::::::::0:0:15:30:-1:0:41:43:-4:59:::
99	3.0	0.05	1	0.1	TGTGCTCTTGGGGGTTACTGGGGCGCCACCGATAAACTCATCTTT	NNNNNNNNNNNNNNNNNNNNNNNNNNNNNNNNNNNNNNNNNNNNN	TRDV1*00(660)	TRDD3*00(40)	TRDJ1*00(490)		573|586|610|0|13||130.0	12|20|39|15|23||40.0	21|40|71|26|45||190.0		TGTGCTCTTGGGGGTTACTGGGGCGCCACCGATAAACTCATCTTT	45	CALGGYWGATDKLIF	:::::::::0:-4:13:15:1:-6:23:26:-1:45:::
