Res	Sequence	MAIT_hit	Score
Best	CAMRDGNNRLAF	CAVRADNNARLMF	0.8566
Best	CAVRSLRRF	CALNDMRF	0.8580
Best	CVVTYTGKLIF	CAVMGSSYKLIF	0.8490
Best	CAMREGGNDMRF	CAVRDGAGNMLTF	0.8364
Best	CAENTGGGNKLTF	CAVRDGAGNRLTF	0.8552
Best	CVVRKTGANNLFF	CVVRDGAGNMLTF	0.8510
Best	CAVPLDSSYKLIF	CAPVDSSYKLIF	0.9269
Best	CGTEIRAAGNKLTF	CAASKAAGNKLTF	0.8825
Best	CVVLSNDYKLSF	CAVLSNDYKLSF	0.9812
Best	CVVRSAGYSTLTF	CAASKSGYSTLT	0.8846
Best	CAVDQTGANNLFF	CAVEDPQTGANNLF	0.8470
Best	CATGAQGNNRLAF	CAATGNQGAQKLVF	0.8589
Best	CIVRGLYNQGGKLIF	CAVRVVYNQGGKLIF	0.8955
Best	CAFLNSGNTPLVF	CAVLNTGGFKTIF	0.8352
Best	CAVQAGWDSGNTPLVF	CVVSAEQAGTALIF	0.7681
Best	CATSSGSRLTF	CAASKSGYSTLT	0.8869
Best	CAFLMDSSYKLIF	CAVMDSSYKLIF	0.9232
Best	CVNPSGGYNKLIF	CAVGSGGYNKLI	0.8717
Best	CAPGGGNDYKLSF	CAVRGGDYKLSF	0.8422
Best	CFHSGNTPLVF	CSNQAGTALIF	0.8380
Best	CAAGGNSGYSTLTF	CAASKSGYSTLT	0.8668
Best	CAASDTSGTYKYIF	CVVSSSGTYKYIF	0.8932
Best	CAVQGNRDDKIIF	CAVRRDDKIIF	0.8626
Best	CAASEEKLVF	CAALSDYKLSF	0.8685
Best	CATALSMDSSYKLIF	CASMDSSYKLIF	0.9010
Best	CAGAVQVDSNYQLIW	CAAVDSNYQLIW	0.8761
Best	CAAAYSGAGSYQLTF	CAVRRYSGAGSYQLTF	0.8784
Best	CALISGTYKYIF	CVVSSSGTYKYIF	0.8964
Best	CATDTTDSWGKLQF	CAVRDGTDSWGKLQF	0.8602
Best	CVVISSGTDKLIF	CVVSSSGTYKYIF	0.8788
Best	CIVRVADGTYKYIF	CVVSSSGTYKYIF	0.8591
Best	CAASQNQAGTALIF	CVVSAEQAGTALIF	0.9054
Best	CATDNNFGNEKLTF	CALLTNFGNEKLT	0.8545
Best	CAESWDTGRRALTF	CAAPTGRRALTF	0.8272
Best	CAVSNYNTDKLIF	CASRSYNTDKLIF	0.9150
Best	CVVRSGGYNKLIF	CAVGSGGYNKLI	0.8993
Best	CAVLNTGGFKTIF	CAVLNTGGFKTIF	1.0000
Best	CAGGRRDSGGYQKVTF	CAGHDRAGSYQLTF	0.7817
Best	CVVSPTGTASKLTF	CAGGTGTASKLTF	0.8767
Best	CAVSVEGSNYKLTF	CAVMGSSYKLIF	0.8638
Best	CAVNVDSSYKLIF	CAVLDSSYKLIF	0.9141
Best	CAMREVSGAGSYQLTF	CAVRRYSGAGSYQLTF	0.8954
Best	CAARGYGGATNKLIF	CAASAAGYGNKLVF	0.8372
Best	CAFMTGGLISNFGNEKLTF	CALLTNFGNEKLT	0.7846
Best	CAFPNYGGSQGNLIF	CAMSINYGGSQGNLI	0.8389
Best	CVVKNTGGFKTIF	CAVLNTGGFKTIF	0.9411
Best	CATALARYGNNRLAF	CAMRESYGNNRLAF	0.8423
Best	CVVPAGGSARQLTF	CAPSGSARQLTF	0.8779
Best	CAVEVLLYNFNKFYF	CAVMGGYNFNKFYF	0.8048
Best	CAADSWGKLQF	CAVRGATDSWGKLQF	0.8410
Best	CAVNAQAAGNKLTF	CAASKAAGNKLTF	0.9088
Best	CAFMKGAGGGSEKLVF	CARGYSGGGADGLT	0.8046
Best	CAVRPTDSWGKLQF	CAVRGATDSWGKLQF	0.8416
Best	CAVRSGNLIF	CAVRSEGARLMF	0.8649
Best	CAVTYGQNFVF	CAVVNYGQNFVF	0.9150
Best	CVERKGGYNKLIF	CAVGSGGYNKLI	0.8470
Best	CAYRSALGGNQFYF	CAASKAAGNKLTF	0.8137
Best	CAFIGDYNTDKLIF	CASRSYNTDKLIF	0.8395
Best	CAVISGSARQLTF	CAPSGSARQLTF	0.9092
Best	CIVRNSGYALNF	CVVKDSGYALNF	0.9370
Best	CAFMKEEGKLIF	CAVGEDTGKLIF	0.8501
Best	CAVNADSNYQLIW	CVSVDSNYQLIW	0.9131
Best	CAVTGSARQLTF	CAPSGSARQLTF	0.9364
Best	CALSGLTPTQGGSEKLVF	CAIPQGGSEKLV	0.7831
Best	CAVRDLYNFNKFYF	CAVRDNFNKFYF	0.8547
Best	CAALDNQGGKLIF	CAVGEDTGKLIF	0.8503
Best	CAAVNDMRF	CALNDMRF	0.9304
Best	CALSETGANNLFF	CAASKAAGNKLTF	0.8506
Best	CALSAPYSGYALNF	CAAESNSGYALNF	0.8445
Best	CVVTPSGGSYIPTF	CAVPSGGSYIPTF	0.9201
Best	CAMREVRINDYKLSF	CAVRDNDYKLSF	0.8420
Best	CALASGSARQLTF	CAPSGSARQLTF	0.9223
Best	CAVRRISNFGNEKLTF	CALLTNFGNEKLT	0.8301
Best	CALSVSTNTGRRALTF	CAAPTGRRALTF	0.8275
Best	CGTEMIPNNNAGNMLTF	CAVRVVNNAGNMLTF	0.7996
Best	CAVRDTYSGAGSYQLTF	CAVRRYSGAGSYQLTF	0.8599
Best	CATPGATGTASKLTF	CAGGTGTASKLTF	0.8982
Best	CLVGGNYQLIW	CAVLDGNYQLIW	0.8888
Best	CAVKECQAGTALIF	CVVSAEQAGTALIF	0.8858
Best	CAVTSYSSASKIIF	CAVGYSSASKIIF	0.9250
Best	CATDAWAGTALIF	CAVLGQAGTALIF	0.8580
Best	CVVSVLTDKLIF	CAVLDSSYKLIF	0.8610
Best	CALSKNSGGSNYKLTF	CAVPNSGGSNYKLTF	0.8901
Best	CAVRELGGATNKLIF	CAVRERGGAGNMLTF	0.8624
Best	CAMREVQRGADGLTF	CAVRDRQAGTALIF	0.8213
Best	CAFMDSNYQLIW	CAFMDSNYQLIW	1.0000
Best	CAVANRKLIW	CAVRLHDKLIF	0.8494
Best	CVVRGGGADGLTF	CVVRDGAGNMLTF	0.8518
Best	CAEVRGGADGLTF	CAEAQGGTALIF	0.8597
Best	CAASMLSGGSYIPTF	CAVPSGGSYIPTF	0.8634
Best	CALSSDGQKLLF	CAVFSDGQKLLF	0.9384
Best	CAGASNNDMRF	CAVNNNNDMRF	0.8873
Best	CAPLTSGGSYIPTF	CAVPSGGSYIPTF	0.8911
Best	CLVGDKTAPQMDSSYKLIF	CARGMDSSYKLIF	0.7725
Best	CAVTYNNNDMRF	CAVNNNNDMRF	0.8994
Best	CAVPGGSSNTGKLIF	CIPLDSSNTGKLIF	0.8584
Best	GGYNKLIF	CALNDMRF	0.8325
Best	CAYRSGGAQKLVF	CAANREGAQKLVF	0.8781
Best	CAPHTGGFKTIF	CAVLNTGGFKTIF	0.8663
Best	CAVNSGNNARLMF	CAVRADNNARLMF	0.8993
Best	CAVNELTGGGNKLTF	CAVRERGGAGNMLTF	0.8301
Best	CAGSPDSWGKLQF	CAVRGATDSWGKLQF	0.8371
Best	CGVNFGNEKLTF	CALLTNFGNEKLT	0.8616
Best	CAFKIILTGGGNKLTF	CAVLNTGGFKTIF	0.8054
Best	CAVGDNFNKFYF	CAVRDNFNKFYF	0.9388
Best	CATEKGVGSARQLTF	CAPSGSARQLTF	0.8531
Best	CGAVALMTTDSWGKLQF	CAVRGATDSWGKLQF	0.8066
Best	CLLCGKNSGGSNYKLTF	CAVPNSGGSNYKLTF	0.8371
Best	CALESNDYKLSF	CAVLSNDYKLSF	0.9401
Best	CLVENGYNKLIF	CAVKEGNYQLIW	0.8396
Best	CALAGGTSYGKLTF	CAGGANAGGTSYGKLTF	0.8673
Best	CATDRGGTYKYIF	CVVSSSGTYKYIF	0.8586
Best	CVVGTTSGTYKYIF	CVVSSSGTYKYIF	0.9029
Best	CAASGSDRGSTLGRLYF	CAVRVDRGSTLGRLYF	0.8545
Best	CVVNAPIYGGATNKLIF	CAVRDRNYGGATNKLIF	0.7973
Best	CVVNILQGSNYKLTF	CAVMGSSYKLIF	0.8267
Best	CLYNTNAGKSTF	CAVLSNAYKLSF	0.8333
Best	CAVVVYNFNKFYF	CAVRGNFNKFYF	0.8454
Best	CAVKDYGGSQGNLIF	CAIIGFGGSQGNLI	0.8530
Best	CAVNMDSNYQLIW	CASMDSNYQLIW	0.9191
Best	CAVNSLYSGAGSYQLTF	CAVRRYSGAGSYQLTF	0.8577
Best	CAYRSALGGNQFYF	CAASKAAGNKLTF	0.8137
Best	CALRGLTPTQGGSEKLVF	CAIPQGGSEKLV	0.7770
Best	CAFIGDYNTDKLIF	CASRSYNTDKLIF	0.8395
Best	CALRMEYGNKLVF	CAGERAEYGNKLVF	0.8646
Best	CGTLTTLGQFYF	CAVLNTGGFKTIF	0.8175
Best	CAASKALSNNDMRF	CAASKAAGNKLTF	0.8620
Best	CAVRSGNLIF	CAVRSEGARLMF	0.8649
Best	CVVNRLRPGAGSYQLTF	CAVRRYSGAGSYQLTF	0.8106
Best	CAASPGGYNKLIF	CAVGSGGYNKLI	0.8818
Best	CAMRETDNFGNEKLTF	CALLTNFGNEKLT	0.8057
Best	CAVSGAGGGSQGNLIF	CAIIGFGGSQGNLI	0.8330
Best	CAVLTTDSWGKLQF	CAVRGATDSWGKLQF	0.8490
Best	CAASDQNTGNQFYF	CAAESNSGYALNF	0.8199
Best	CALESNDYKLSF	CAVLSNDYKLSF	0.9401
Best	CAVNPTSGTYKYIF	CVVSSSGTYKYIF	0.8803
Best	CLYNTNAGKSTL	CAASKSGYSTLT	0.8367
Best	CAMRGSGGTSYGKLTF	CAGGANAGGTSYGKLTF	0.8479
Best	CVAKNTGGFKTIF	CAVLNTGGFKTIF	0.9256
Best	CIVRGNDYKLSF	CAVRGGDYKLSF	0.9226
Best	CAGPGFQGAQKLVF	CAATGNQGAQKLVF	0.8736
Best	CAVQALLNAGNMLTF	CAVRVVNNAGNMLTF	0.8764
Best	CAGLPGGGADGLTF	CARGYSGGGADGLT	0.8528
Best	CAAISQETSGSRLTF	CVVSAEQAGTALIF	0.8481
Best	CAVRDMYNNARLMF	CAVRADNNARLMF	0.8451
Best	CAVYDAGNNRKLIW	CAVRADNNARLMF	0.8251
Best	CAVWGSTLGRLYF	CAVMGSSYKLIF	0.8303
Best	CAVGWLAGTASKLTF	CAGGTGTASKLTF	0.8433
Best	CIVRVSGDKIIF	CAVRDSSYKLIF	0.8547
Best	CAFGGYQKVTF	CVAYSGGYQKVT	0.8659
Best	CAALDNQGGKLIF	CAVGEDTGKLIF	0.8503
Best	CALSKNSGGSNYKLTF	CAVPNSGGSNYKLTF	0.8901
Best	CAGATHSGYALNF	CAAESNSGYALNF	0.8924
Best	CAGGDGNKLVF	CAAGGQNFVF	0.8635
Best	CAVNTGGFKTIF	CAVLNTGGFKTIF	0.9341
Best	CAVWSYIPTF	CAALSDYKLSF	0.8137
Best	CAQGGNAGNMLTF	CAVGDNAGNMLTF	0.9142
Best	CAPYINTNAGKSTF	CIPLDSSNTGKLIF	0.8191
Best	CALDRSYGGATNKLIF	CAVRDRNYGGATNKLIF	0.8753
Best	CAVRFYGNNRLAF	CAMRESYGNNRLAF	0.8497
Best	CAPLKPLRSGGSNYKLTF	CAVPNSGGSNYKLTF	0.7894
Best	CAVRSLRRFGAGTRLTVKPRGSYIPTF	CAVRQINTGTASKLTF	0.5923
Best	CAVGGSGGSNYKLTF	CAVPNSGGSNYKLTF	0.8967
Best	CVVYNAGNNRKLIW	CAETGIHNAGNNRKLIF	0.8219
Best	CVVTAGGTSYGKLTF	CAGGANAGGTSYGKLTF	0.8565
Best	CIVRANSGGYQKVTF	CVAYSGGYQKVT	0.8456
Best	CAESKSNTGKLIF	CIPLDSSNTGKLIF	0.8718
Best	CAFMNRNSGNTPLVF	CAVMRNAGNMLTF	0.8009
Best	CAVRAPDSWGKLQF	CAVRGATDSWGKLQF	0.8391
Best	CVVTAGGTSYGKLTF	CAGGANAGGTSYGKLTF	0.8565
Best	CAGHVSNDYKLSF	CAALSNDYKLSF	0.8933
Best	CAVRNYGQNFVF	CAVVNYGQNFVF	0.9453
Best	CIVRFTNNNAGNMLTL	CAVRVVNNAGNMLTF	0.8444
Best	CATDAGQLSF	CSNQAGTALIF	0.8706
Best	CARGSNYKLTF	CAALSDYKLSF	0.8782
Best	CAEVNNDMRF	CAVNNNNDMRF	0.8925
Best	CAMREGRVYNQGGKLIF	CAEMEIYNQGGKLIF	0.8212
Best	CAYRASGTYKYIF	CVVSSSGTYKYIF	0.8986
Best	CAVPFPLVSGGYNKLIF	CAVGSGGYNKLI	0.7646
Best	CAASDGAGNTPLVF	CAASKAAGNKLTF	0.8546
Best	CAASGEGGGADGLTF	CARGYSGGGADGLT	0.8685
Best	CAASGEGGGADGLTF	CARGYSGGGADGLT	0.8685
Best	CAILSGTYKYIF	CVVSSSGTYKYIF	0.8969
Best	CAMSGFNDMRF	CALNDMRF	0.8604
Best	CAMSGFNDMRF	CALNDMRF	0.8604
Best	CAVSVRGGATNKLIF	CAVRERGGAGNMLTF	0.8470
Best	CAVRANTDKLIF	CAVDDNTDKLIF	0.8988
Best	CAVGSNYQLIW	CAAVDSNYQLIW	0.9137
Best	CAVRVGANNLFF	CAVRDGAGNMLTF	0.8595
Best	CATDGGDKIIF	CAVGEDTGKLIF	0.8521
Best	CAMREGDNQFYF	CAVRDGDYKLSF	0.8388
Best	CAPPNSGGSNYKLTF	CAVPNSGGSNYKLTF	0.9483
Best	CAENIGSSWGRLQF	CAVRGATDSWGKLQF	0.8040
Best	CAVNGVYSGSSNTGKLIF	CIPLDSSNTGKLIF	0.7949
Best	CAVGGSGGSNYKLTF	CAVPNSGGSNYKLTF	0.8967
Best	CAATSELTGGGNKLTF	CAASKAAGNKLTF	0.8271
Best	CAVGGSGGSNYKLTF	CAVPNSGGSNYKLTF	0.8967
Best	CAVNIERPDFGNEKLTF	CALLTNFGNEKLT	0.7622
Best	CAGYGNNRLAF	CAMRESYGNNRLAF	0.8422
Best	CAVNLDRGSTLGRLYF	CAVRVDRGSTLGRLYF	0.9344
Best	CAVEDFLGTGANNLFF	CAVRDGAGNMLTF	0.7911
Best	CAVEDRPGFQKLVF	CAVRDTGFQKLVF	0.8361
Best	CALDVGSGGGADGLTF	CARGYSGGGADGLT	0.8431
Best	CASSEGGGSQGNLIF	CAIIGFGGSQGNLI	0.8263
Best	CAFPNYGGSQGNLIF	CAMSINYGGSQGNLI	0.8389
Best	CALSVSTNTGRRALTF	CAAPTGRRALTF	0.8275
Best	CAFPNYGGSQGNLIF	CAMSINYGGSQGNLI	0.8389
Best	CAFPNYGGSQGNLIF	CAMSINYGGSQGNLI	0.8389
Best	CALSAPYSGYALNF	CAAESNSGYALNF	0.8445
Best	CIVRNSGYALNF	CVVKDSGYALNF	0.9370
Best	CAVLTTDSWGKLQF	CAVRGATDSWGKLQF	0.8490
Best	CAVSAFDSWGKLQF	CAVRGATDSWGKLQF	0.8438
Best	CAFMKEEGKLIF	CAVGEDTGKLIF	0.8501
Best	CAFMKEEGKLIF	CAVGEDTGKLIF	0.8501
Best	CAYRSALGGNQFYF	CAASKAAGNKLTF	0.8137
Best	CAVRSGNLIF	CAVRSEGARLMF	0.8649
Best	CIVRVSGDKIIF	CAVRDSSYKLIF	0.8547
Best	CAVWGSTLGRLYF	CAVMGSSYKLIF	0.8303
Best	CAPLTSGGSYIPTF	CAVPSGGSYIPTF	0.8911
Best	CVVNMIPPGAGSYQLTF	CAVTPPSGGSYIPTF	0.7654
Best	CAVGWLAGTASKLTF	CAGGTGTASKLTF	0.8433
Best	CAMRETDNFGDEKLTF	CALLTNFGNEKLT	0.7850
Best	CALRMEYGNKLVF	CAGERAEYGNKLVF	0.8646
Best	CAMREVSGAGSYQLTF	CAVRRYSGAGSYQLTF	0.8954
Best	CAVRDTYSGAGSYQLTF	CAVRRYSGAGSYQLTF	0.8599
Best	CAMREVSGAGSYQLTF	CAVRRYSGAGSYQLTF	0.8954
Best	CAVRELGGATNKLIF	CAVRERGGAGNMLTF	0.8624
Best	CAVANRKLIW	CAVRLHDKLIF	0.8494
Best	CATPGATGTASKLTF	CAGGTGTASKLTF	0.8982
Best	CLVGGNYQLIW	CAVLDGNYQLIW	0.8888
Best	CAVNSGNNARLMF	CAVRADNNARLMF	0.8993
Best	CAVNSGNNARLMF	CAVRADNNARLMF	0.8993
Best	CAVSGAGGGSQGNLIF	CAIIGFGGSQGNLI	0.8330
Best	CVVDRRGYGGATNKLIF	CAVRDRNYGGATNKLIF	0.8553
Best	CVVRVSGTYKYIF	CIVRFSGTYKYIF	0.9464
Best	CATDAWAGTALIF	CAVLGQAGTALIF	0.8580
